{
  "facts": [
    { "text": "In the movie Interstellar, one hour on Miller's planet equals 7 years on Earth due to time dilation.", "category": "interstellar" },
    { "text": "A tesseract is a 4-dimensional cube, which was featured prominently in Interstellar as a way to navigate time.", "category": "interstellar" },
    { "text": "Time dilation isn't just science fiction - GPS satellites have to adjust for it because time passes slightly faster in orbit than on Earth.", "category": "physics" },
    { "text": "The largest unit of time measurement is a supereon, which spans billions of years.", "category": "time" },
    { "text": "Light from distant stars takes years to reach us, so when we look at the night sky, we're actually seeing the past.", "category": "astronomy" },
    { "text": "The movie Interstellar's visual effects team created a scientifically accurate rendering of a black hole, which led to new scientific discoveries.", "category": "interstellar" },
    { "text": "Time flows at different rates throughout the universe due to variations in gravity - this is called gravitational time dilation.", "category": "physics" },
    { "text": "February 30 occurred exactly once in history - in Sweden in 1712.", "category": "time" },
    { "text": "Doctor Strange used the Time Stone to view over 14 million possible futures in Avengers: Infinity War.", "category": "marvel" },
    { "text": "The ancient Egyptians invented one of the earliest known timekeeping devices, the sundial, around 1500 BCE.", "category": "history" },
    { "text": "On Jupiter, a day lasts only about 10 Earth hours.", "category": "astronomy" },
    { "text": "The Hawking radiation theory suggests that black holes slowly evaporate over time, eventually disappearing completely.", "category": "physics" },
    { "text": "The leap year system keeps our calendar aligned with Earth's orbit around the sun, which takes about 365.25 days.", "category": "time" },
    { "text": "In Thor: Ragnarok, time flows differently on Sakaar compared to the rest of the universe.", "category": "marvel" },
    { "text": "The speed of light in vacuum is exactly 299,792,458 meters per second - the fastest speed possible in our universe.", "category": "physics" },
    { "text": "A day on Venus is longer than a year on Venus - it takes 243 Earth days to rotate once but only 225 Earth days to orbit the sun.", "category": "astronomy" },
    { "text": "The Ancient Maya had a complex calendar system that accurately predicted celestial events for thousands of years.", "category": "history" },
    { "text": "Time travel to the future is theoretically possible by traveling near the speed of light, experiencing time dilation.", "category": "physics" },
    { "text": "A light-year is a unit of distance, not time - it's how far light travels in one Earth year (about 5.9 trillion miles).", "category": "astronomy" },
    { "text": "Thanos used the Time Stone to reverse Vision's destruction in Avengers: Infinity War.", "category": "marvel" },
    { "text": "The Earth's rotation is gradually slowing down, making our days about 1.7 milliseconds longer every century.", "category": "science" },
    { "text": "The concept of a wormhole, featured in Interstellar, is a theoretical passage through space-time that could create shortcuts for long journeys.", "category": "interstellar" },
    { "text": "Atomic clocks are the most accurate timekeeping devices, only losing or gaining one second in millions of years.", "category": "technology" },
    { "text": "The Einstein-Rosen bridge (a wormhole) was named after physicists Albert Einstein and Nathan Rosen who proposed its existence in 1935.", "category": "physics" },
    { "text": "The film Interstellar consulted with physicist Kip Thorne to ensure scientific accuracy in its depiction of black holes and time dilation.", "category": "interstellar" },
    { "text": "The average human will spend about 26 years of their life sleeping.", "category": "human" },
    { "text": "In Captain Marvel, Carol Danvers was missing from Earth for six years while only experiencing moments of subjective time.", "category": "marvel" },
    { "text": "The oldest known star in our universe is about 14.5 billion years old.", "category": "astronomy" },
    { "text": "Some physicists theorize that time might be an emergent property rather than a fundamental aspect of the universe.", "category": "physics" },
    { "text": "If you could travel at the speed of light, time would stop completely from your perspective.", "category": "physics" }
  ]
}